﻿<?xml version="1.0" encoding="utf-8"?><Search><pages Count="8"><page Index="1"><![CDATA[]]></page><page Index="2"><![CDATA[POWER HEALTH


               CLEANSE











                    TO LIVE














                      THE FAST HEALING DIET PLAN WITH COLLECTION OF RECIPES



























                                  Dr.MILJAN BABOVIC


                                    PHOTOGRAPHY BY MILAN KARAN













                                                    VALETA, 2018]]></page><page Index="3"><![CDATA[]]></page><page Index="4"><![CDATA[]]></page><page Index="5"><![CDATA[]]></page><page Index="6"><![CDATA['t have any need
                  If you think you don
                                                                              '
                  to do a cleanse - if you re sure you

                  couldn
                                  't possibly be harboring any

                  toxins in your body - think again.





                                     '
                  In today s world, there are poisons

                  and pathogens that threaten our


                                                                            're even
                  health starting before we
                  born, and they continue to hold us


                  back as we encounter them in our

                  everyday life.






                  Cleansing is a vital tool for fighting


                  against these burdens -as long as you

                                                                                         's why
                  go about it the right way. That

                  you need this book.]]></page><page Index="7"><![CDATA[CONTENT


                                                                  Nourishing millet porridge with apple
                  Foreword...................................... 9
                                                                  and banana ..................................... 44
                                                                  Stewed oatmeal with cherries ........... 45
                  CHAPTER I.                                      Oat and flax pancake with cherry,

                  WHAT IS CLEANSE
                                                                  apple and cinnamon ....................... 46
                  AND WHO NEEDS IT? .................... 12
                                                                  Porridge "Four Grains  .................. 48
                                                                                            "
                  How do you know if you need
                                                                  Green buckwheat cream porridge .. 49
                  to undergo a CLEANSE? ................... 15
                                                                  Grain bread .................................... 50
                  Acid-alkaline balance of the body ... 16
                  How to take a CLEANSE course? .... 19
                                                                  CHAPTER III.
                  Diary of the CLEANSE course ......... 24
                  Let ' s start our day with a smoothie . 26      HOW TO START EXERCISING

                                                                  DURING CLEANSE AND MAKE
                  CLEANSE SMOOTHIE ................... 28         SPORTS A PART OF YOUR LIFE

                  Pineapple Joy Smoothie ................. 28     FOREVER? ..................................... 52

                  Purifying Green Smoothie ............. 30       The daily routine: How to turn from a
                  Charming Gut Smoothie ................. 31      night owl into a lark?...................... 57

                  Good bye Cellulite Smoothie .......... 32       Cleanse lunch: what to eat to
                  Clear Skin Smoothie ........................ 33  slim down ....................................... 58

                  Strawberry and banana Smoothie .. 34            CLEANSE LUNCHES ..................... 60
                  Mango Cream Smoothie ................. 35       Coleslaw salad with Asian dressing 60
                                                                  Cleansing young cabbage salad with
                                                                  Chinese dressing ............................ 63
                  CHAPTER II.
                                                                  Green salad with sesame seeds ....... 64
                  SYMPTOMS OF BODY CLEANSING
                                                                  Warm salad with mushrooms. .......... 66
                  DURING THE PASSAGE OF
                                                                  50 Shades of Green Salad ................ 67
                   CLEANSE ...................................... 36
                  Charming intestines....................... 38    Two Asparagus Salad......................69

                                                                   Spinach Chowder,
                  CLEANSE BREAKFAST .................... 42        Lentils & Chickpeas ........................ 70

                  Flax porridge with raisins                       Spicy red lentil soup
                  and prunes ..................................... 42  and cumin ...................................... 73]]></page><page Index="8"><![CDATA[Spicy carrot cream soup                          CHAPTER V.
                  with mash and spices ..................... 74    HOW NOT TO GO INTO

                  Beet soup with beans ...................... 77   OVERDRIVE AFTER GOING
                                                                   THROUGH
                  Chickpeas with vegetables and                    CLEANSEA? ................................... 98

                  unpolished brown rice ................... 78
                  Peppers stuffed with quinoa,                     CLEANSE-DESSERTS
                  vegetables
                                                                   AND CLEANSE DRINKS .............. 108
                  and tofu cheese .................................. 81
                                                                   Carrot halva with raisins
                  Hummus with  turmeric
                                                                   and nuts ..................................... 108
                  and vegetables ................................ 82
                                                                   Rosehip infusion ........................ 111
                                                                   Banana Coconut Cookie .............. 112
                  CHAPTER IV.
                                                                   Taiga tea ..................................... 113
                  HOW TO MAKE YOUR THREE-
                  WEEK CLEANSE-MENU? .............. 84             Baked pears
                                                                   with caramelized nuts ................. 115

                  CLEANSE DINNERS ...................... 86        Warm hot water with lemon

                  Rice noodles with broccoli                       and honey ................................... 116
                  and green beans ............................. 86  Energy Balls ............................... 119

                  Root vegetables baked in the oven                Cleanse marmalade ..................... 120
                  with tofu cheese and spicy sauce .... 89         Mint-citrus tea ........................... 122

                  Asia rice with stewed vegetables ..... 90        anana-blackberry ice cream ......... 123
                  Mushrooms in nut sauce ................ 92       Herbal tea with thyme ................. 124

                  Broccoli Baked                                   Index................................................ 126

                  with pesto sauce ............................. 93
                  Buckwheat with baked beets and
                  mushrooms .................................... 95
                  Quinoa with summer vegetables ....96]]></page></pages></Search>